Sample,ECG
0,-0.145
1,-0.145
2,-0.145
3,-0.145
4,-0.145
5,-0.145
6,-0.145
7,-0.145
8,-0.12
9,-0.135
10,-0.145
11,-0.15
12,-0.16
13,-0.155
14,-0.16
15,-0.175
16,-0.18
17,-0.185
18,-0.17
19,-0.155
20,-0.175
21,-0.18
22,-0.19
23,-0.18
24,-0.155
25,-0.135
26,-0.155
27,-0.19
28,-0.205
29,-0.235
30,-0.225
31,-0.245
32,-0.25
33,-0.26
34,-0.275
35,-0.275
36,-0.275
37,-0.265
38,-0.255
39,-0.265
40,-0.275
41,-0.29
42,-0.29
43,-0.29
44,-0.29
45,-0.285
46,-0.295
47,-0.305
48,-0.285
49,-0.275
50,-0.275
51,-0.28
52,-0.285
53,-0.305
54,-0.29
55,-0.3
56,-0.28
57,-0.29
58,-0.3
59,-0.315
60,-0.32
61,-0.335
62,-0.36
63,-0.385
64,-0.385
65,-0.405
66,-0.455
67,-0.485
68,-0.485
69,-0.425
70,-0.33
71,-0.22
72,-0.07
73,0.12
74,0.375
75,0.62
76,0.78
77,0.84
78,0.765
79,0.52
80,0.17
81,-0.165
82,-0.365
83,-0.435
84,-0.425
85,-0.37
86,-0.33
87,-0.325
88,-0.335
89,-0.345
90,-0.33
91,-0.325
92,-0.315
93,-0.31
94,-0.32
95,-0.335
96,-0.34
97,-0.325
98,-0.345
99,-0.335
100,-0.33
101,-0.335
102,-0.33
103,-0.325
104,-0.33
105,-0.33
106,-0.345
107,-0.355
108,-0.335
109,-0.325
110,-0.305
111,-0.32
112,-0.32
113,-0.33
114,-0.34
115,-0.335
116,-0.34
117,-0.345
118,-0.355
119,-0.355
120,-0.34
121,-0.33
122,-0.33
123,-0.33
124,-0.34
125,-0.35
126,-0.325
127,-0.325
128,-0.33
129,-0.33
130,-0.335
131,-0.335
132,-0.34
133,-0.33
134,-0.34
135,-0.35
136,-0.355
137,-0.35
138,-0.345
139,-0.33
140,-0.32
141,-0.335
142,-0.33
143,-0.345
144,-0.33
145,-0.335
146,-0.335
147,-0.345
148,-0.345
149,-0.355
150,-0.34
151,-0.34
152,-0.335
153,-0.33
154,-0.35
155,-0.35
156,-0.345
157,-0.335
158,-0.335
159,-0.335
160,-0.35
161,-0.355
162,-0.355
163,-0.345
164,-0.345
165,-0.335
166,-0.35
167,-0.36
168,-0.36
169,-0.36
170,-0.365
171,-0.36
172,-0.37
173,-0.385
174,-0.37
175,-0.36
176,-0.355
177,-0.36
178,-0.375
179,-0.375
180,-0.365
181,-0.365
182,-0.36
183,-0.36
184,-0.365
185,-0.37
186,-0.355
187,-0.33
188,-0.325
189,-0.325
190,-0.335
191,-0.34
192,-0.315
193,-0.3
194,-0.3
195,-0.29
196,-0.295
197,-0.29
198,-0.285
199,-0.275
200,-0.255
201,-0.25
202,-0.25
203,-0.265
204,-0.255
205,-0.245
206,-0.23
207,-0.245
208,-0.245
209,-0.255
210,-0.255
211,-0.24
212,-0.25
213,-0.255
214,-0.245
215,-0.255
216,-0.25
217,-0.25
218,-0.265
219,-0.26
220,-0.26
221,-0.265
222,-0.27
223,-0.265
224,-0.26
225,-0.275
226,-0.28
227,-0.29
228,-0.275
229,-0.27
230,-0.26
231,-0.28
232,-0.28
233,-0.285
234,-0.275
235,-0.275
236,-0.265
237,-0.27
238,-0.285
239,-0.29
240,-0.28
241,-0.275
242,-0.285
243,-0.28
244,-0.3
245,-0.3
246,-0.305
247,-0.295
248,-0.3
249,-0.31
250,-0.31
251,-0.305
252,-0.295
253,-0.285
254,-0.285
255,-0.29
256,-0.295
257,-0.31
258,-0.29
259,-0.295
260,-0.3
261,-0.305
262,-0.31
263,-0.325
264,-0.31
265,-0.3
266,-0.29
267,-0.31
268,-0.325
269,-0.33
270,-0.315
271,-0.3
272,-0.305
273,-0.31
274,-0.32
275,-0.33
276,-0.325
277,-0.315
278,-0.31
279,-0.305
280,-0.305
281,-0.31
282,-0.3
283,-0.305
284,-0.29
285,-0.3
286,-0.3
287,-0.305
288,-0.305
289,-0.29
290,-0.28
291,-0.295
292,-0.305
293,-0.315
294,-0.305
295,-0.295
296,-0.29
297,-0.28
298,-0.27
299,-0.275
300,-0.275
301,-0.27
302,-0.25
303,-0.25
304,-0.255
305,-0.225
306,-0.22
307,-0.205
308,-0.2
309,-0.205
310,-0.215
311,-0.23
312,-0.22
313,-0.225
314,-0.225
315,-0.225
316,-0.23
317,-0.235
318,-0.24
319,-0.235
320,-0.22
321,-0.21
322,-0.205
323,-0.245
324,-0.285
325,-0.285
326,-0.3
327,-0.31
328,-0.33
329,-0.33
330,-0.325
331,-0.315
332,-0.32
333,-0.315
334,-0.325
335,-0.34
336,-0.345
337,-0.34
338,-0.34
339,-0.35
340,-0.345
341,-0.355
342,-0.33
343,-0.335
344,-0.33
345,-0.32
346,-0.345
347,-0.355
348,-0.34
349,-0.33
350,-0.325
351,-0.33
352,-0.35
353,-0.365
354,-0.36
355,-0.38
356,-0.425
357,-0.445
358,-0.475
359,-0.51
360,-0.535
361,-0.505
362,-0.415
363,-0.3
364,-0.16
365,-0.015
366,0.235
367,0.49
368,0.72
369,0.875
370,0.94
371,0.905
372,0.755
373,0.49
374,0.165
375,-0.11
376,-0.27
377,-0.39
378,-0.45
379,-0.475
380,-0.455
381,-0.425
382,-0.39
383,-0.39
384,-0.385
385,-0.39
386,-0.38
387,-0.38
388,-0.38
389,-0.395
390,-0.385
391,-0.385
392,-0.385
393,-0.375
394,-0.395
395,-0.41
396,-0.41
397,-0.4
398,-0.395
399,-0.39
400,-0.405
401,-0.395
402,-0.385
403,-0.375
404,-0.39
405,-0.39
406,-0.405
407,-0.41
408,-0.41
409,-0.39
410,-0.39
411,-0.395
412,-0.405
413,-0.415
414,-0.4
415,-0.41
416,-0.405
417,-0.41
418,-0.415
419,-0.41
420,-0.4
421,-0.4
422,-0.395
423,-0.39
424,-0.405
425,-0.41
426,-0.39
427,-0.39
428,-0.385
429,-0.385
430,-0.41
431,-0.405
432,-0.395
433,-0.39
434,-0.375
435,-0.39
436,-0.395
437,-0.41
438,-0.4
439,-0.39
440,-0.39
441,-0.385
442,-0.405
443,-0.415
444,-0.415
445,-0.4
446,-0.395
447,-0.405
448,-0.415
449,-0.42
450,-0.42
451,-0.41
452,-0.415
453,-0.425
454,-0.42
455,-0.435
456,-0.43
457,-0.43
458,-0.42
459,-0.43
460,-0.45
461,-0.455
462,-0.45
463,-0.435
464,-0.445
465,-0.45
466,-0.455
467,-0.47
468,-0.46
469,-0.455
470,-0.45
471,-0.455
472,-0.47
473,-0.475
474,-0.46
475,-0.45
476,-0.445
477,-0.44
478,-0.435
479,-0.44
480,-0.41
481,-0.395
482,-0.37
483,-0.365
484,-0.36
485,-0.365
486,-0.34
487,-0.325
488,-0.315
489,-0.32
490,-0.33
491,-0.33
492,-0.32
493,-0.31
494,-0.3
495,-0.3
496,-0.32
497,-0.32
498,-0.315
499,-0.305
500,-0.305
501,-0.295
502,-0.32
503,-0.33
504,-0.305
505,-0.31
506,-0.3
507,-0.3
508,-0.32
509,-0.325
510,-0.31
511,-0.305
512,-0.315
513,-0.305
514,-0.315
515,-0.315
516,-0.31
517,-0.295
518,-0.29
519,-0.305
520,-0.31
521,-0.32
522,-0.315
523,-0.3
524,-0.315
525,-0.315
526,-0.315
527,-0.33
528,-0.315
529,-0.32
530,-0.315
531,-0.325
532,-0.335
533,-0.34
534,-0.335
535,-0.335
536,-0.33
537,-0.325
538,-0.345
539,-0.35
540,-0.345
541,-0.335
542,-0.33
543,-0.33
544,-0.345
545,-0.345
546,-0.345
547,-0.32
548,-0.33
549,-0.335
550,-0.34
551,-0.355
552,-0.335
553,-0.33
554,-0.33
555,-0.335
556,-0.355
557,-0.36
558,-0.355
559,-0.35
560,-0.34
561,-0.345
562,-0.345
563,-0.345
564,-0.345
565,-0.33
566,-0.33
567,-0.335
568,-0.345
569,-0.35
570,-0.35
571,-0.34
572,-0.33
573,-0.345
574,-0.345
575,-0.355
576,-0.35
577,-0.34
578,-0.33
579,-0.34
580,-0.34
581,-0.34
582,-0.33
583,-0.335
584,-0.33
585,-0.335
586,-0.345
587,-0.345
588,-0.34
589,-0.33
590,-0.315
591,-0.295
592,-0.3
593,-0.295
594,-0.285
595,-0.275
596,-0.265
597,-0.265
598,-0.265
599,-0.255
600,-0.25
601,-0.24
602,-0.225
603,-0.215
604,-0.24
605,-0.245
606,-0.24
607,-0.245
608,-0.235
609,-0.245
610,-0.25
611,-0.275
612,-0.275
613,-0.265
614,-0.25
615,-0.225
616,-0.22
617,-0.23
618,-0.265
619,-0.27
620,-0.28
621,-0.285
622,-0.305
623,-0.32
624,-0.34
625,-0.33
626,-0.335
627,-0.335
628,-0.355
629,-0.37
630,-0.36
631,-0.345
632,-0.35
633,-0.355
634,-0.365
635,-0.375
636,-0.38
637,-0.37
638,-0.365
639,-0.365
640,-0.38
641,-0.385
642,-0.38
643,-0.375
644,-0.355
645,-0.37
646,-0.39
647,-0.405
648,-0.41
649,-0.435
650,-0.465
651,-0.49
652,-0.52
653,-0.555
654,-0.57
655,-0.525
656,-0.405
657,-0.25
658,-0.09
659,0.12
660,0.41
661,0.69
662,0.885
663,0.96
664,0.85
665,0.52
666,0.05
667,-0.32
668,-0.5
669,-0.505
670,-0.445
671,-0.415
672,-0.395
673,-0.39
674,-0.395
675,-0.39
676,-0.395
677,-0.405
678,-0.395
679,-0.405
680,-0.39
681,-0.395
682,-0.395
683,-0.41
684,-0.405
685,-0.4
686,-0.4
687,-0.415
688,-0.405
689,-0.42
690,-0.415
691,-0.405
692,-0.405
693,-0.42
694,-0.42
695,-0.435
696,-0.42
697,-0.41
698,-0.41
699,-0.405
700,-0.425
701,-0.43
702,-0.42
703,-0.415
704,-0.41
705,-0.41
706,-0.425
707,-0.42
708,-0.4
709,-0.395
710,-0.4
711,-0.4
712,-0.395
713,-0.415
714,-0.405
715,-0.39
716,-0.4
717,-0.4
718,-0.415
719,-0.425
720,-0.425
721,-0.415
722,-0.415
723,-0.41
724,-0.425
725,-0.425
726,-0.42
727,-0.415
728,-0.4
729,-0.4
730,-0.41
731,-0.425
732,-0.41
733,-0.405
734,-0.395
735,-0.4
736,-0.4
737,-0.405
738,-0.385
739,-0.4
740,-0.39
741,-0.39
742,-0.4
743,-0.415
744,-0.405
745,-0.405
746,-0.41
747,-0.415
748,-0.42
749,-0.42
750,-0.425
751,-0.415
752,-0.415
753,-0.41
754,-0.435
755,-0.43
756,-0.435
757,-0.42
758,-0.42
759,-0.42
760,-0.42
761,-0.425
762,-0.425
763,-0.415
764,-0.395
765,-0.395
766,-0.39
767,-0.375
768,-0.36
769,-0.34
770,-0.335
771,-0.33
772,-0.335
773,-0.335
774,-0.325
775,-0.32
776,-0.305
777,-0.305
778,-0.315
779,-0.31
780,-0.305
781,-0.3
782,-0.3
783,-0.3
784,-0.31
785,-0.31
786,-0.31
787,-0.315
788,-0.3
789,-0.305
790,-0.315
791,-0.32
792,-0.325
793,-0.31
794,-0.305
795,-0.305
796,-0.32
797,-0.325
798,-0.305
799,-0.31
800,-0.295
801,-0.31
802,-0.325
803,-0.33
804,-0.32
805,-0.32
806,-0.32
807,-0.325
808,-0.35
809,-0.35
810,-0.34
811,-0.335
812,-0.33
813,-0.335
814,-0.34
815,-0.36
816,-0.35
817,-0.35
818,-0.355
819,-0.36
820,-0.355
821,-0.365
822,-0.355
823,-0.35
824,-0.34
825,-0.355
826,-0.35
827,-0.365
828,-0.365
829,-0.35
830,-0.355
831,-0.35
832,-0.37
833,-0.38
834,-0.37
835,-0.36
836,-0.365
837,-0.36
838,-0.365
839,-0.38
840,-0.37
841,-0.365
842,-0.35
843,-0.35
844,-0.35
845,-0.37
846,-0.365
847,-0.345
848,-0.345
849,-0.34
850,-0.355
851,-0.365
852,-0.36
853,-0.355
854,-0.355
855,-0.355
856,-0.375
857,-0.385
858,-0.355
859,-0.36
860,-0.355
861,-0.36
862,-0.36
863,-0.37
864,-0.36
865,-0.345
866,-0.355
867,-0.345
868,-0.345
869,-0.345
870,-0.34
871,-0.31
872,-0.305
873,-0.305
874,-0.31
875,-0.305
876,-0.29
877,-0.285
878,-0.275
879,-0.28
880,-0.28
881,-0.275
882,-0.265
883,-0.255
884,-0.245
885,-0.26
886,-0.265
887,-0.275
888,-0.28
889,-0.265
890,-0.27
891,-0.275
892,-0.28
893,-0.275
894,-0.28
895,-0.275
896,-0.265
897,-0.255
898,-0.24
899,-0.26
900,-0.28
901,-0.31
902,-0.31
903,-0.345
904,-0.36
905,-0.38
906,-0.385
907,-0.38
908,-0.37
909,-0.375
910,-0.385
911,-0.39
912,-0.395
913,-0.385
914,-0.385
915,-0.385
916,-0.395
917,-0.405
918,-0.4
919,-0.375
920,-0.375
921,-0.39
922,-0.395
923,-0.415
924,-0.405
925,-0.4
926,-0.39
927,-0.405
928,-0.425
929,-0.46
930,-0.475
931,-0.505
932,-0.51
933,-0.525
934,-0.54
935,-0.6
936,-0.645
937,-0.63
938,-0.575
939,-0.495
940,-0.385
941,-0.27
942,-0.115
943,0.09
944,0.37
945,0.635
946,0.81
947,0.86
948,0.77
949,0.475
950,0.065
951,-0.305
952,-0.5
953,-0.52
954,-0.475
955,-0.41
956,-0.39
957,-0.39
958,-0.4
959,-0.41
960,-0.405
961,-0.385
962,-0.39
963,-0.395
964,-0.405
965,-0.41
966,-0.405
967,-0.4
968,-0.39
969,-0.395
970,-0.41
971,-0.415
972,-0.41
973,-0.395
974,-0.405
975,-0.41
976,-0.405
977,-0.405
978,-0.41
979,-0.39
980,-0.385
981,-0.39
982,-0.395
983,-0.4
984,-0.4
985,-0.4
986,-0.395
987,-0.395
988,-0.405
989,-0.405
990,-0.4
991,-0.395
992,-0.385
993,-0.375
994,-0.385
995,-0.395
996,-0.39
997,-0.385
998,-0.375
999,-0.385
1000,-0.395
1001,-0.395
1002,-0.385
1003,-0.375
1004,-0.375
1005,-0.385
1006,-0.395
1007,-0.39
1008,-0.39
1009,-0.365
1010,-0.375
1011,-0.385
1012,-0.395
1013,-0.38
1014,-0.385
1015,-0.375
1016,-0.38
1017,-0.39
1018,-0.38
1019,-0.375
1020,-0.375
1021,-0.375
1022,-0.375
1023,-0.38
1024,-0.39
1025,-0.39
1026,-0.365
1027,-0.37
1028,-0.375
1029,-0.385
1030,-0.39
1031,-0.39
1032,-0.375
1033,-0.365
1034,-0.385
1035,-0.38
1036,-0.39
1037,-0.375
1038,-0.375
1039,-0.365
1040,-0.37
1041,-0.385
1042,-0.395
1043,-0.385
1044,-0.385
1045,-0.37
1046,-0.365
1047,-0.37
1048,-0.375
1049,-0.35
1050,-0.335
1051,-0.32
1052,-0.315
1053,-0.32
1054,-0.325
1055,-0.315
1056,-0.295
1057,-0.285
1058,-0.3
1059,-0.295
1060,-0.285
1061,-0.285
1062,-0.28
1063,-0.27
1064,-0.28
1065,-0.29
1066,-0.295
1067,-0.295
1068,-0.29
1069,-0.28
1070,-0.29
1071,-0.295
1072,-0.31
1073,-0.295
1074,-0.285
1075,-0.28
1076,-0.275
1077,-0.295
1078,-0.305
1079,-0.3
1080,-0.295
1081,-0.295
1082,-0.285
1083,-0.3
1084,-0.305
1085,-0.3
1086,-0.295
1087,-0.3
1088,-0.305
1089,-0.315
1090,-0.31
1091,-0.315
1092,-0.295
1093,-0.3
1094,-0.31
1095,-0.33
1096,-0.34
1097,-0.33
1098,-0.32
1099,-0.32
1100,-0.315
1101,-0.325
1102,-0.335
1103,-0.33
1104,-0.315
1105,-0.32
1106,-0.32
1107,-0.33
1108,-0.345
1109,-0.34
1110,-0.335
1111,-0.33
1112,-0.335
1113,-0.345
1114,-0.35
1115,-0.345
1116,-0.34
1117,-0.335
1118,-0.335
1119,-0.33
1120,-0.335
1121,-0.34
1122,-0.335
1123,-0.32
1124,-0.34
1125,-0.34
1126,-0.35
1127,-0.365
1128,-0.36
1129,-0.345
1130,-0.345
1131,-0.35
1132,-0.35
1133,-0.35
1134,-0.34
1135,-0.34
1136,-0.345
1137,-0.345
1138,-0.38
1139,-0.36
1140,-0.36
1141,-0.345
1142,-0.345
1143,-0.35
1144,-0.355
1145,-0.345
1146,-0.33
1147,-0.33
1148,-0.335
1149,-0.335
1150,-0.34
1151,-0.33
1152,-0.32
1153,-0.29
1154,-0.29
1155,-0.3
1156,-0.305
1157,-0.285
1158,-0.28
1159,-0.275
1160,-0.28
1161,-0.275
1162,-0.27
1163,-0.265
1164,-0.25
1165,-0.23
1166,-0.245
1167,-0.24
1168,-0.255
1169,-0.255
1170,-0.245
1171,-0.235
1172,-0.255
1173,-0.265
1174,-0.26
1175,-0.255
1176,-0.27
1177,-0.265
1178,-0.28
1179,-0.255
1180,-0.25
1181,-0.245
1182,-0.265
1183,-0.28
1184,-0.3
1185,-0.315
1186,-0.325
1187,-0.335
1188,-0.345
1189,-0.33
1190,-0.335
1191,-0.345
1192,-0.36
1193,-0.35
1194,-0.34
1195,-0.335
1196,-0.345
1197,-0.36
1198,-0.365
1199,-0.375
1200,-0.37
1201,-0.365
1202,-0.365
1203,-0.38
1204,-0.375
1205,-0.375
1206,-0.365
1207,-0.37
1208,-0.36
1209,-0.37
1210,-0.38
1211,-0.365
1212,-0.36
1213,-0.35
1214,-0.355
1215,-0.37
1216,-0.385
1217,-0.395
1218,-0.43
1219,-0.445
1220,-0.485
1221,-0.515
1222,-0.565
1223,-0.555
1224,-0.475
1225,-0.355
1226,-0.22
1227,-0.055
1228,0.185
1229,0.475
1230,0.705
1231,0.82
1232,0.78
1233,0.535
1234,0.145
1235,-0.2
1236,-0.42
1237,-0.5
1238,-0.48
1239,-0.45
1240,-0.41
1241,-0.4
1242,-0.39
1243,-0.39
1244,-0.4
1245,-0.405
1246,-0.425
1247,-0.425
1248,-0.405
1249,-0.395
1250,-0.405
1251,-0.405
1252,-0.415
1253,-0.405
1254,-0.385
1255,-0.39
1256,-0.395
1257,-0.395
1258,-0.395
1259,-0.395
1260,-0.385
1261,-0.39
1262,-0.39
1263,-0.4
1264,-0.425
1265,-0.41
1266,-0.4
1267,-0.395
1268,-0.4
1269,-0.405
1270,-0.425
1271,-0.415
1272,-0.405
1273,-0.405
1274,-0.405
1275,-0.41
1276,-0.415
1277,-0.405
1278,-0.42
1279,-0.405
1280,-0.41
1281,-0.41
1282,-0.42
1283,-0.415
1284,-0.405
1285,-0.395
1286,-0.395
1287,-0.395
1288,-0.4
1289,-0.395
1290,-0.395
1291,-0.405
1292,-0.405
1293,-0.42
1294,-0.435
1295,-0.415
1296,-0.405
1297,-0.395
1298,-0.39
1299,-0.415
1300,-0.405
1301,-0.405
1302,-0.4
1303,-0.395
1304,-0.395
1305,-0.405
1306,-0.42
1307,-0.415
1308,-0.4
1309,-0.395
1310,-0.4
1311,-0.405
1312,-0.425
1313,-0.425
1314,-0.425
1315,-0.42
1316,-0.425
1317,-0.45
1318,-0.445
1319,-0.45
1320,-0.435
1321,-0.445
1322,-0.47
1323,-0.455
1324,-0.46
1325,-0.44
1326,-0.435
1327,-0.425
1328,-0.43
1329,-0.445
1330,-0.45
1331,-0.445
1332,-0.43
1333,-0.42
1334,-0.41
1335,-0.425
1336,-0.42
1337,-0.405
1338,-0.38
1339,-0.37
1340,-0.365
1341,-0.365
1342,-0.365
1343,-0.345
1344,-0.33
1345,-0.315
1346,-0.305
1347,-0.305
1348,-0.32
1349,-0.31
1350,-0.31
1351,-0.305
1352,-0.31
1353,-0.315
1354,-0.32
1355,-0.315
1356,-0.305
1357,-0.305
1358,-0.295
1359,-0.31
1360,-0.32
1361,-0.31
1362,-0.315
1363,-0.295
1364,-0.3
1365,-0.305
1366,-0.3
1367,-0.285
1368,-0.28
1369,-0.29
1370,-0.295
1371,-0.305
1372,-0.325
1373,-0.305
1374,-0.3
1375,-0.3
1376,-0.315
1377,-0.325
1378,-0.335
1379,-0.325
1380,-0.315
1381,-0.32
1382,-0.335
1383,-0.33
1384,-0.34
1385,-0.325
1386,-0.325
1387,-0.32
1388,-0.315
1389,-0.335
1390,-0.335
1391,-0.345
1392,-0.335
1393,-0.325
1394,-0.33
1395,-0.315
1396,-0.335
1397,-0.33
1398,-0.33
1399,-0.33
1400,-0.33
1401,-0.335
1402,-0.34
1403,-0.33
1404,-0.32
1405,-0.315
1406,-0.325
1407,-0.335
1408,-0.355
1409,-0.345
1410,-0.34
1411,-0.335
1412,-0.32
1413,-0.325
1414,-0.35
1415,-0.33
1416,-0.315
1417,-0.315
1418,-0.33
1419,-0.33
1420,-0.335
1421,-0.335
1422,-0.33
1423,-0.33
1424,-0.33
1425,-0.34
1426,-0.34
1427,-0.34
1428,-0.325
1429,-0.325
1430,-0.325
1431,-0.345
1432,-0.35
1433,-0.34
1434,-0.33
1435,-0.32
1436,-0.31
1437,-0.305
1438,-0.305
1439,-0.275
1440,-0.27
1441,-0.255
1442,-0.26
1443,-0.265
1444,-0.26
1445,-0.25
1446,-0.235
1447,-0.235
1448,-0.22
1449,-0.235
1450,-0.235
1451,-0.22
1452,-0.23
1453,-0.225
1454,-0.235
1455,-0.245
1456,-0.255
1457,-0.24
1458,-0.23
1459,-0.23
1460,-0.25
1461,-0.255
1462,-0.25
1463,-0.23
1464,-0.205
1465,-0.195
1466,-0.21
1467,-0.23
1468,-0.27
1469,-0.27
1470,-0.285
1471,-0.285
1472,-0.31
1473,-0.33
1474,-0.34
1475,-0.34
1476,-0.345
1477,-0.35
1478,-0.35
1479,-0.34
1480,-0.355
1481,-0.345
1482,-0.34
1483,-0.34
1484,-0.345
1485,-0.355
1486,-0.37
1487,-0.355
1488,-0.37
1489,-0.345
1490,-0.34
1491,-0.36
1492,-0.38
1493,-0.36
1494,-0.345
1495,-0.35
1496,-0.35
1497,-0.355
1498,-0.38
1499,-0.39
1500,-0.395
1501,-0.425
1502,-0.455
1503,-0.475
1504,-0.51
1505,-0.545
1506,-0.54
1507,-0.495
1508,-0.405
1509,-0.295
1510,-0.16
1511,0.04
1512,0.315
1513,0.595
1514,0.8
1515,0.885
1516,0.795
1517,0.52
1518,0.13
1519,-0.215
1520,-0.425
1521,-0.5
1522,-0.49
1523,-0.45
1524,-0.4
1525,-0.39
1526,-0.395
1527,-0.395
1528,-0.4
1529,-0.39
1530,-0.38
1531,-0.385
1532,-0.385
1533,-0.4
1534,-0.41
1535,-0.41
1536,-0.39
1537,-0.39
1538,-0.405
1539,-0.405
1540,-0.415
1541,-0.41
1542,-0.395
1543,-0.395
1544,-0.4
1545,-0.415
1546,-0.415
1547,-0.415
1548,-0.4
1549,-0.39
1550,-0.39
1551,-0.41
1552,-0.415
1553,-0.405
1554,-0.395
1555,-0.395
1556,-0.395
1557,-0.405
1558,-0.41
1559,-0.41
1560,-0.4
1561,-0.39
1562,-0.395
1563,-0.41
1564,-0.425
1565,-0.415
1566,-0.405
1567,-0.41
1568,-0.405
1569,-0.415
1570,-0.425
1571,-0.425
1572,-0.41
1573,-0.395
1574,-0.39
1575,-0.4
1576,-0.41
1577,-0.41
1578,-0.4
1579,-0.39
1580,-0.41
1581,-0.42
1582,-0.42
1583,-0.415
1584,-0.415
1585,-0.405
1586,-0.42
1587,-0.415
1588,-0.425
1589,-0.41
1590,-0.4
1591,-0.405
1592,-0.4
1593,-0.4
1594,-0.41
1595,-0.4
1596,-0.395
1597,-0.395
1598,-0.405
1599,-0.41
1600,-0.425
1601,-0.425
1602,-0.41
1603,-0.41
1604,-0.42
1605,-0.43
1606,-0.445
1607,-0.44
1608,-0.435
1609,-0.43
1610,-0.43
1611,-0.45
1612,-0.445
1613,-0.445
1614,-0.435
1615,-0.435
1616,-0.445
1617,-0.44
1618,-0.45
1619,-0.43
1620,-0.43
1621,-0.415
1622,-0.4
1623,-0.4
1624,-0.385
1625,-0.365
1626,-0.335
1627,-0.33
1628,-0.325
1629,-0.33
1630,-0.33
1631,-0.31
1632,-0.295
1633,-0.285
1634,-0.29
1635,-0.29
1636,-0.31
1637,-0.295
1638,-0.285
1639,-0.28
1640,-0.3
1641,-0.29
1642,-0.295
1643,-0.29
1644,-0.28
1645,-0.275
1646,-0.275
1647,-0.29
1648,-0.29
1649,-0.285
1650,-0.27
1651,-0.27
1652,-0.27
1653,-0.275
1654,-0.29
1655,-0.285
1656,-0.275
1657,-0.275
1658,-0.29
1659,-0.295
1660,-0.305
1661,-0.295
1662,-0.295
1663,-0.285
1664,-0.29
1665,-0.3
1666,-0.305
1667,-0.31
1668,-0.295
1669,-0.3
1670,-0.305
1671,-0.31
1672,-0.325
1673,-0.325
1674,-0.315
1675,-0.31
1676,-0.315
1677,-0.315
1678,-0.325
1679,-0.32
1680,-0.31
1681,-0.32
1682,-0.315
1683,-0.33
1684,-0.33
1685,-0.32
1686,-0.31
1687,-0.31
1688,-0.31
1689,-0.33
1690,-0.335
1691,-0.33
1692,-0.32
1693,-0.325
1694,-0.325
1695,-0.33
1696,-0.335
1697,-0.33
1698,-0.325
1699,-0.325
1700,-0.32
1701,-0.325
1702,-0.33
1703,-0.325
1704,-0.315
1705,-0.305
1706,-0.325
1707,-0.315
1708,-0.335
1709,-0.33
1710,-0.31
1711,-0.32
1712,-0.33
1713,-0.33
1714,-0.335
1715,-0.33
1716,-0.33
1717,-0.32
1718,-0.32
1719,-0.33
1720,-0.33
1721,-0.325
1722,-0.315
1723,-0.315
1724,-0.315
1725,-0.33
1726,-0.33
1727,-0.32
1728,-0.315
1729,-0.305
1730,-0.305
1731,-0.295
1732,-0.315
1733,-0.3
1734,-0.275
1735,-0.255
1736,-0.255
1737,-0.26
1738,-0.265
1739,-0.255
1740,-0.235
1741,-0.23
1742,-0.225
1743,-0.22
1744,-0.22
1745,-0.215
1746,-0.2
1747,-0.205
1748,-0.205
1749,-0.225
1750,-0.235
1751,-0.24
1752,-0.23
1753,-0.215
1754,-0.24
1755,-0.24
1756,-0.25
1757,-0.235
1758,-0.21
1759,-0.2
1760,-0.22
1761,-0.255
1762,-0.275
1763,-0.285
1764,-0.3
1765,-0.305
1766,-0.32
1767,-0.33
1768,-0.325
1769,-0.32
1770,-0.33
1771,-0.33
1772,-0.335
1773,-0.34
1774,-0.345
1775,-0.34
1776,-0.335
1777,-0.32
1778,-0.325
1779,-0.335
1780,-0.345
1781,-0.345
1782,-0.345
1783,-0.335
1784,-0.34
1785,-0.345
1786,-0.355
1787,-0.34
1788,-0.34
1789,-0.34
1790,-0.34
1791,-0.345
1792,-0.355
1793,-0.365
1794,-0.37
1795,-0.405
1796,-0.445
1797,-0.48
1798,-0.495
1799,-0.52
1800,-0.535
1801,-0.505
1802,-0.415
1803,-0.28
1804,-0.135
1805,0.065
1806,0.3
1807,0.58
1808,0.81
1809,0.945
1810,0.92
1811,0.775
1812,0.445
1813,0.02
1814,-0.295
1815,-0.445
1816,-0.47
1817,-0.425
1818,-0.38
1819,-0.36
1820,-0.36
1821,-0.37
1822,-0.38
1823,-0.38
1824,-0.375
1825,-0.37
1826,-0.365
1827,-0.37
1828,-0.385
1829,-0.385
1830,-0.375
1831,-0.37
1832,-0.37
1833,-0.385
1834,-0.395
1835,-0.385
1836,-0.385
1837,-0.39
1838,-0.385
1839,-0.395
1840,-0.41
1841,-0.4
1842,-0.395
1843,-0.38
1844,-0.395
1845,-0.395
1846,-0.4
1847,-0.4
1848,-0.395
1849,-0.39
1850,-0.39
1851,-0.395
1852,-0.405
1853,-0.39
1854,-0.385
1855,-0.375
1856,-0.375
1857,-0.38
1858,-0.39
1859,-0.385
1860,-0.37
1861,-0.37
1862,-0.37
1863,-0.375
1864,-0.385
1865,-0.37
1866,-0.39
1867,-0.375
1868,-0.37
1869,-0.38
1870,-0.39
1871,-0.39
1872,-0.385
1873,-0.375
1874,-0.375
1875,-0.385
1876,-0.395
1877,-0.39
1878,-0.385
1879,-0.375
1880,-0.38
1881,-0.385
1882,-0.39
1883,-0.38
1884,-0.38
1885,-0.37
1886,-0.37
1887,-0.365
1888,-0.39
1889,-0.365
1890,-0.365
1891,-0.36
1892,-0.375
1893,-0.38
1894,-0.4
1895,-0.39
1896,-0.375
1897,-0.375
1898,-0.37
1899,-0.385
1900,-0.39
1901,-0.39
1902,-0.39
1903,-0.39
1904,-0.375
1905,-0.385
1906,-0.395
1907,-0.38
1908,-0.37
1909,-0.375
1910,-0.375
1911,-0.39
1912,-0.405
1913,-0.375
1914,-0.37
1915,-0.36
1916,-0.375
1917,-0.385
1918,-0.38
1919,-0.37
1920,-0.36
1921,-0.345
1922,-0.345
1923,-0.33
1924,-0.33
1925,-0.315
1926,-0.31
1927,-0.295
1928,-0.285
1929,-0.285
1930,-0.295
1931,-0.28
1932,-0.27
1933,-0.28
1934,-0.28
1935,-0.28
1936,-0.29
1937,-0.29
1938,-0.28
1939,-0.275
1940,-0.28
1941,-0.285
1942,-0.29
1943,-0.29
1944,-0.28
1945,-0.28
1946,-0.285
1947,-0.29
1948,-0.3
1949,-0.295
1950,-0.285
1951,-0.28
1952,-0.285
1953,-0.285
1954,-0.295
1955,-0.285
1956,-0.28
1957,-0.275
1958,-0.28
1959,-0.29
1960,-0.31
1961,-0.305
1962,-0.285
1963,-0.27
1964,-0.27
1965,-0.275
1966,-0.285
1967,-0.285
1968,-0.27
1969,-0.265
1970,-0.265
1971,-0.265
1972,-0.28
1973,-0.265
1974,-0.245
1975,-0.235
1976,-0.235
1977,-0.25
1978,-0.25
1979,-0.245
1980,-0.215
1981,-0.22
1982,-0.245
1983,-0.255
1984,-0.23
1985,-0.205
1986,-0.21
1987,-0.22
1988,-0.23
1989,-0.24
1990,-0.24
1991,-0.245
1992,-0.25
1993,-0.27
1994,-0.285
1995,-0.315
1996,-0.32
1997,-0.32
1998,-0.31
1999,-0.33
2000,-0.34
2001,-0.345
2002,-0.36
2003,-0.365
2004,-0.36
2005,-0.35
2006,-0.355
2007,-0.375
2008,-0.385
2009,-0.375
2010,-0.37
2011,-0.365
2012,-0.365
2013,-0.37
2014,-0.38
2015,-0.36
2016,-0.35
2017,-0.355
2018,-0.355
2019,-0.35
2020,-0.365
2021,-0.35
2022,-0.35
2023,-0.34
2024,-0.355
2025,-0.35
2026,-0.375
2027,-0.365
2028,-0.375
2029,-0.4
2030,-0.43
2031,-0.475
2032,-0.52
2033,-0.52
2034,-0.55
2035,-0.57
2036,-0.54
2037,-0.445
2038,-0.305
2039,-0.14
2040,0.025
2041,0.26
2042,0.51
2043,0.735
2044,0.845
2045,0.875
2046,0.735
2047,0.4
2048,-0.025
2049,-0.335
2050,-0.48
2051,-0.47
2052,-0.415
2053,-0.375
2054,-0.365
2055,-0.385
2056,-0.4
2057,-0.38
2058,-0.39
2059,-0.375
2060,-0.385
2061,-0.395
2062,-0.405
2063,-0.39
2064,-0.38
2065,-0.385
2066,-0.385
2067,-0.395
2068,-0.4
2069,-0.405
2070,-0.4
2071,-0.39
2072,-0.39
2073,-0.395
2074,-0.4
2075,-0.39
2076,-0.385
2077,-0.39
2078,-0.385
2079,-0.41
2080,-0.42
2081,-0.405
2082,-0.41
2083,-0.39
2084,-0.39
2085,-0.39
2086,-0.4
2087,-0.4
2088,-0.39
2089,-0.375
2090,-0.38
2091,-0.395
2092,-0.4
2093,-0.39
2094,-0.4
2095,-0.39
2096,-0.395
2097,-0.41
2098,-0.415
2099,-0.405
2100,-0.385
2101,-0.385
2102,-0.38
2103,-0.4
2104,-0.4
2105,-0.395
2106,-0.39
2107,-0.38
2108,-0.375
2109,-0.395
2110,-0.395
2111,-0.385
2112,-0.38
2113,-0.375
2114,-0.385
2115,-0.39
2116,-0.4
2117,-0.4
2118,-0.385
2119,-0.38
2120,-0.395
2121,-0.39
2122,-0.4
2123,-0.395
2124,-0.385
2125,-0.38
2126,-0.385
2127,-0.395
2128,-0.405
2129,-0.4
2130,-0.39
2131,-0.38
2132,-0.38
2133,-0.385
2134,-0.405
2135,-0.395
2136,-0.4
2137,-0.39
2138,-0.4
2139,-0.405
2140,-0.425
2141,-0.42
2142,-0.405
2143,-0.4
2144,-0.405
2145,-0.405
2146,-0.415
2147,-0.4
2148,-0.39
2149,-0.38
2150,-0.385
2151,-0.395
2152,-0.405
2153,-0.39
2154,-0.37
2155,-0.37
2156,-0.37
2157,-0.385
2158,-0.37
2159,-0.355
2160,-0.345
2161,-0.34
2162,-0.335
2163,-0.34
2164,-0.355
2165,-0.335
2166,-0.325
2167,-0.31
2168,-0.305
2169,-0.305
2170,-0.32
2171,-0.315
2172,-0.31
2173,-0.305
2174,-0.305
2175,-0.33
2176,-0.325
2177,-0.345
2178,-0.325
2179,-0.315
2180,-0.315
2181,-0.305
2182,-0.31
2183,-0.31
2184,-0.3
2185,-0.305
2186,-0.305
2187,-0.315
2188,-0.32
2189,-0.325
2190,-0.315
2191,-0.305
2192,-0.315
2193,-0.325
2194,-0.325
2195,-0.33
2196,-0.315
2197,-0.315
2198,-0.31
2199,-0.33
2200,-0.34
2201,-0.335
2202,-0.33
2203,-0.345
2204,-0.355
2205,-0.365
2206,-0.37
2207,-0.345
2208,-0.34
2209,-0.34
2210,-0.345
2211,-0.36
2212,-0.365
2213,-0.36
2214,-0.36
2215,-0.345
2216,-0.355
2217,-0.365
2218,-0.35
2219,-0.36
2220,-0.35
2221,-0.34
2222,-0.345
2223,-0.355
2224,-0.37
2225,-0.35
2226,-0.35
2227,-0.35
2228,-0.345
2229,-0.35
2230,-0.355
2231,-0.36
2232,-0.345
2233,-0.355
2234,-0.35
2235,-0.36
2236,-0.37
2237,-0.355
2238,-0.355
2239,-0.35
2240,-0.355
2241,-0.36
2242,-0.39
2243,-0.385
2244,-0.36
2245,-0.36
2246,-0.37
2247,-0.37
2248,-0.39
2249,-0.375
2250,-0.37
2251,-0.35
2252,-0.34
2253,-0.345
2254,-0.36
2255,-0.36
2256,-0.35
2257,-0.35
2258,-0.335
2259,-0.36
2260,-0.365
2261,-0.365
2262,-0.36
2263,-0.36
2264,-0.365
2265,-0.375
2266,-0.385
2267,-0.385
2268,-0.365
2269,-0.37
2270,-0.375
2271,-0.37
2272,-0.375
2273,-0.365
2274,-0.355
2275,-0.355
2276,-0.36
2277,-0.365
2278,-0.37
2279,-0.36
2280,-0.35
2281,-0.34
2282,-0.345
2283,-0.34
2284,-0.35
2285,-0.345
2286,-0.35
2287,-0.36
2288,-0.35
2289,-0.36
2290,-0.37
2291,-0.36
2292,-0.36
2293,-0.355
2294,-0.36
2295,-0.375
2296,-0.375
2297,-0.37
2298,-0.35
2299,-0.355
2300,-0.36
2301,-0.365
2302,-0.375
2303,-0.37
2304,-0.365
2305,-0.36
2306,-0.355
2307,-0.36
2308,-0.36
2309,-0.35
2310,-0.34
2311,-0.345
2312,-0.345
2313,-0.355
2314,-0.36
2315,-0.36
2316,-0.365
2317,-0.345
2318,-0.355
2319,-0.35
2320,-0.36
2321,-0.355
2322,-0.36
2323,-0.345
2324,-0.335
2325,-0.33
2326,-0.33
2327,-0.31
2328,-0.305
2329,-0.3
2330,-0.305
2331,-0.295
2332,-0.305
2333,-0.285
2334,-0.275
2335,-0.265
2336,-0.255
2337,-0.255
2338,-0.26
2339,-0.265
2340,-0.255
2341,-0.255
2342,-0.26
2343,-0.28
2344,-0.29
2345,-0.28
2346,-0.27
2347,-0.255
2348,-0.275
2349,-0.29
2350,-0.32
2351,-0.3
2352,-0.295
2353,-0.27
2354,-0.265
2355,-0.27
2356,-0.285
2357,-0.3
2358,-0.31
2359,-0.315
2360,-0.32
2361,-0.35
2362,-0.37
2363,-0.365
2364,-0.365
2365,-0.365
2366,-0.37
2367,-0.37
2368,-0.37
2369,-0.38
2370,-0.36
2371,-0.375
2372,-0.375
2373,-0.4
2374,-0.42
2375,-0.405
2376,-0.4
2377,-0.385
2378,-0.38
2379,-0.4
2380,-0.415
2381,-0.405
2382,-0.395
2383,-0.395
2384,-0.395
2385,-0.41
2386,-0.43
2387,-0.44
2388,-0.455
2389,-0.49
2390,-0.485
2391,-0.52
2392,-0.57
2393,-0.575
2394,-0.525
2395,-0.42
2396,-0.305
2397,-0.19
2398,-0.02
2399,0.22
2400,0.485
2401,0.715
2402,0.845
2403,0.885
2404,0.79
2405,0.56
2406,0.225
2407,-0.07
2408,-0.285
2409,-0.425
2410,-0.5
2411,-0.55
2412,-0.535
2413,-0.5
2414,-0.465
2415,-0.45
2416,-0.45
2417,-0.435
2418,-0.42
2419,-0.41
2420,-0.41
2421,-0.415
2422,-0.42
2423,-0.425
2424,-0.42
2425,-0.43
2426,-0.43
2427,-0.44
2428,-0.45
2429,-0.45
2430,-0.43
2431,-0.43
2432,-0.43
2433,-0.445
2434,-0.445
2435,-0.44
2436,-0.425
2437,-0.43
2438,-0.43
2439,-0.425
2440,-0.445
2441,-0.445
2442,-0.43
2443,-0.435
2444,-0.435
2445,-0.445
2446,-0.445
2447,-0.435
2448,-0.43
2449,-0.425
2450,-0.43
2451,-0.43
2452,-0.44
2453,-0.42
2454,-0.43
2455,-0.425
2456,-0.43
2457,-0.44
2458,-0.44
2459,-0.43
2460,-0.43
2461,-0.415
2462,-0.425
2463,-0.43
2464,-0.455
2465,-0.445
2466,-0.445
2467,-0.43
2468,-0.43
2469,-0.44
2470,-0.44
2471,-0.435
2472,-0.43
2473,-0.415
2474,-0.415
2475,-0.425
2476,-0.425
2477,-0.42
2478,-0.405
2479,-0.405
2480,-0.415
2481,-0.415
2482,-0.425
2483,-0.43
2484,-0.405
2485,-0.405
2486,-0.405
2487,-0.405
2488,-0.43
2489,-0.415
2490,-0.41
2491,-0.415
2492,-0.43
2493,-0.445
2494,-0.465
2495,-0.46
2496,-0.45
2497,-0.455
2498,-0.46
2499,-0.465
2500,-0.485
2501,-0.495
2502,-0.475
2503,-0.49
2504,-0.5
2505,-0.495
2506,-0.515
2507,-0.5
2508,-0.485
2509,-0.49
2510,-0.485
2511,-0.5
2512,-0.5
2513,-0.49
2514,-0.48
2515,-0.46
2516,-0.46
2517,-0.47
2518,-0.465
2519,-0.44
2520,-0.43
2521,-0.425
2522,-0.41
2523,-0.41
2524,-0.4
2525,-0.39
2526,-0.38
2527,-0.355
2528,-0.35
2529,-0.355
2530,-0.35
2531,-0.34
2532,-0.33
2533,-0.325
2534,-0.305
2535,-0.32
2536,-0.315
2537,-0.305
2538,-0.3
2539,-0.305
2540,-0.305
2541,-0.31
2542,-0.33
2543,-0.31
2544,-0.315
2545,-0.315
2546,-0.32
2547,-0.325
2548,-0.325
2549,-0.325
2550,-0.31
2551,-0.31
2552,-0.315
2553,-0.325
2554,-0.33
2555,-0.325
2556,-0.325
2557,-0.315
2558,-0.32
2559,-0.33
2560,-0.335
2561,-0.33
2562,-0.315
2563,-0.32
2564,-0.32
2565,-0.335
2566,-0.335
2567,-0.325
2568,-0.325
2569,-0.32
2570,-0.32
2571,-0.325
2572,-0.35
2573,-0.345
2574,-0.345
2575,-0.335
2576,-0.345
2577,-0.355
2578,-0.355
2579,-0.355
2580,-0.345
2581,-0.335
2582,-0.335
2583,-0.345
2584,-0.355
2585,-0.34
2586,-0.335
2587,-0.33
2588,-0.335
2589,-0.345
2590,-0.35
2591,-0.35
2592,-0.34
2593,-0.335
2594,-0.33
2595,-0.36
2596,-0.355
2597,-0.345
2598,-0.335
2599,-0.345
2600,-0.35
2601,-0.36
2602,-0.38
2603,-0.37
2604,-0.345
2605,-0.345
2606,-0.35
2607,-0.355
2608,-0.365
2609,-0.36
2610,-0.345
2611,-0.345
2612,-0.35
2613,-0.36
2614,-0.36
2615,-0.35
2616,-0.355
2617,-0.34
2618,-0.345
2619,-0.355
2620,-0.355
2621,-0.355
2622,-0.34
2623,-0.34
2624,-0.345
2625,-0.365
2626,-0.37
2627,-0.35
2628,-0.33
2629,-0.32
2630,-0.315
2631,-0.295
2632,-0.305
2633,-0.295
2634,-0.3
2635,-0.285
2636,-0.275
2637,-0.26
2638,-0.275
2639,-0.265
2640,-0.26
2641,-0.25
2642,-0.245
2643,-0.255
2644,-0.265
2645,-0.26
2646,-0.26
2647,-0.25
2648,-0.26
2649,-0.28
2650,-0.28
2651,-0.275
2652,-0.285
2653,-0.28
2654,-0.255
2655,-0.245
2656,-0.245
2657,-0.26
2658,-0.285
2659,-0.29
2660,-0.3
2661,-0.32
2662,-0.335
2663,-0.355
2664,-0.35
2665,-0.355
2666,-0.355
2667,-0.375
2668,-0.385
2669,-0.38
2670,-0.36
2671,-0.35
2672,-0.36
2673,-0.365
2674,-0.37
2675,-0.37
2676,-0.365
2677,-0.36
2678,-0.365
2679,-0.37
2680,-0.385
2681,-0.385
2682,-0.365
2683,-0.36
2684,-0.38
2685,-0.385
2686,-0.395
2687,-0.395
2688,-0.385
2689,-0.38
2690,-0.395
2691,-0.425
2692,-0.465
2693,-0.5
2694,-0.515
2695,-0.53
2696,-0.56
2697,-0.585
2698,-0.53
2699,-0.41
2700,-0.255
2701,-0.105
2702,0.105
2703,0.355
2704,0.6
2705,0.81
2706,0.89
2707,0.83
2708,0.58
2709,0.185
2710,-0.205
2711,-0.45
2712,-0.525
2713,-0.495
2714,-0.465
2715,-0.435
2716,-0.415
2717,-0.415
2718,-0.415
2719,-0.4
2720,-0.395
2721,-0.405
2722,-0.425
2723,-0.435
2724,-0.415
2725,-0.415
2726,-0.415
2727,-0.415
2728,-0.43
2729,-0.42
2730,-0.41
2731,-0.405
2732,-0.42
2733,-0.41
2734,-0.42
2735,-0.4
2736,-0.395
2737,-0.385
2738,-0.4
2739,-0.4
2740,-0.4
2741,-0.4
2742,-0.395
2743,-0.4
2744,-0.4
2745,-0.4
2746,-0.41
2747,-0.395
2748,-0.41
2749,-0.4
2750,-0.395
2751,-0.405
2752,-0.41
2753,-0.415
2754,-0.405
2755,-0.4
2756,-0.395
2757,-0.405
2758,-0.415
2759,-0.405
2760,-0.415
2761,-0.41
2762,-0.405
2763,-0.405
2764,-0.41
2765,-0.405
2766,-0.4
2767,-0.395
2768,-0.405
2769,-0.405
2770,-0.4
2771,-0.395
2772,-0.39
2773,-0.395
2774,-0.39
2775,-0.395
2776,-0.42
2777,-0.415
2778,-0.405
2779,-0.4
2780,-0.4
2781,-0.415
2782,-0.42
2783,-0.41
2784,-0.395
2785,-0.4
2786,-0.405
2787,-0.415
2788,-0.435
2789,-0.415
2790,-0.415
2791,-0.4
2792,-0.405
2793,-0.42
2794,-0.43
2795,-0.425
2796,-0.41
2797,-0.41
2798,-0.405
2799,-0.415
2800,-0.425
2801,-0.425
2802,-0.42
2803,-0.41
2804,-0.41
2805,-0.42
2806,-0.43
2807,-0.425
2808,-0.42
2809,-0.405
2810,-0.415
2811,-0.41
2812,-0.41
2813,-0.385
2814,-0.37
2815,-0.36
2816,-0.35
2817,-0.35
2818,-0.35
2819,-0.335
2820,-0.32
2821,-0.305
2822,-0.315
2823,-0.315
2824,-0.32
2825,-0.305
2826,-0.305
2827,-0.295
2828,-0.29
2829,-0.295
2830,-0.295
2831,-0.285
2832,-0.285
2833,-0.27
2834,-0.28
2835,-0.28
2836,-0.295
2837,-0.28
2838,-0.285
2839,-0.275
2840,-0.285
2841,-0.295
2842,-0.305
2843,-0.295
2844,-0.285
2845,-0.285
2846,-0.29
2847,-0.3
2848,-0.31
2849,-0.295
2850,-0.3
2851,-0.29
2852,-0.285
2853,-0.305
2854,-0.31
2855,-0.3
2856,-0.295
2857,-0.305
2858,-0.3
2859,-0.305
2860,-0.32
2861,-0.32
2862,-0.31
2863,-0.3
2864,-0.31
2865,-0.32
2866,-0.34
2867,-0.33
2868,-0.31
2869,-0.315
2870,-0.325
2871,-0.325
2872,-0.345
2873,-0.33
2874,-0.32
2875,-0.32
2876,-0.335
2877,-0.335
2878,-0.355
2879,-0.34
2880,-0.32
2881,-0.315
2882,-0.33
2883,-0.34
2884,-0.34
2885,-0.35
2886,-0.33
2887,-0.33
2888,-0.34
2889,-0.35
2890,-0.355
2891,-0.345
2892,-0.335
2893,-0.335
2894,-0.34
2895,-0.34
2896,-0.345
2897,-0.335
2898,-0.335
2899,-0.325
2900,-0.325
2901,-0.335
2902,-0.34
2903,-0.34
2904,-0.32
2905,-0.315
2906,-0.32
2907,-0.335
2908,-0.335
2909,-0.32
2910,-0.325
2911,-0.315
2912,-0.32
2913,-0.32
2914,-0.345
2915,-0.335
2916,-0.32
2917,-0.31
2918,-0.32
2919,-0.32
2920,-0.34
2921,-0.33
2922,-0.32
2923,-0.31
2924,-0.31
2925,-0.31
2926,-0.295
2927,-0.28
2928,-0.255
2929,-0.25
2930,-0.25
2931,-0.255
2932,-0.26
2933,-0.24
2934,-0.22
2935,-0.23
2936,-0.23
2937,-0.215
2938,-0.22
2939,-0.225
2940,-0.23
2941,-0.23
2942,-0.235
2943,-0.245
2944,-0.255
2945,-0.24
2946,-0.235
2947,-0.245
2948,-0.235
2949,-0.23
2950,-0.22
2951,-0.195
2952,-0.22
2953,-0.245
2954,-0.26
2955,-0.27
2956,-0.29
2957,-0.3
2958,-0.305
2959,-0.305
2960,-0.32
2961,-0.33
2962,-0.35
2963,-0.35
2964,-0.335
2965,-0.335
2966,-0.335
2967,-0.34
2968,-0.35
2969,-0.35
2970,-0.345
2971,-0.335
2972,-0.345
2973,-0.355
2974,-0.37
2975,-0.35
2976,-0.345
2977,-0.335
2978,-0.335
2979,-0.335
2980,-0.355
2981,-0.355
2982,-0.345
2983,-0.355
2984,-0.395
2985,-0.45
2986,-0.48
2987,-0.505
2988,-0.525
2989,-0.545
2990,-0.5
2991,-0.395
2992,-0.255
2993,-0.07
2994,0.145
2995,0.425
2996,0.685
2997,0.875
2998,0.925
2999,0.795
